"Item","Supplier A specification / scope","Supplier A amount","Supplier B specification / scope","Supplier B amount","Currency / comparison basis","Responsible party / exclusions","Reference document / date"
"Quote date and validity","","","","","","",""
"Court quantity and exact model","","","","","","",""
"Currency and exchange-rate assumption","","","","","","",""
"Incoterm and named delivery place","","","","","","",""
"Steel grade, sections and thickness","","","","","","",""
"Corrosion-protection process","","","","","","",""
"Tempered glass and fixing system","","","","","","",""
"Turf, infill and installation","","","","","","",""
"Lighting, cabling and electrical work","","","","","","",""
"Foundation, anchors and drainage","","","","","","",""
"Project-specific engineering and approvals","","","","","","",""
"Roof or weather-protection scope","","","","","","",""
"Export packing and spare components","","","","","","",""
"Freight and insurance scope","","","","","","",""
"Destination charges, customs and taxes","","","","","","",""
"Inland transport, unloading and lifting","","","","","","",""
"Local installation labor and supervision","","","","","","",""
"Handover and acceptance documents","","","","","","",""
"Component warranty and replacement costs","","","","","","",""
"Unresolved scope / cost / evidence","","","","","","",""
"Comparable total (only after all gaps are resolved)","","","","","","",""
